transaction_id,account_code,dept_code,month,actual_amount,description
1,4000,BT,1/1/25,1242282,
2,4000,BT,2/1/25,1285897,
3,4000,BT,3/1/25,1072135,
4,4000,BT,4/1/25,873082,
5,4000,BT,5/1/25,2402362,May sales exceeded budget on strong demand during a spring skincare promotion
6,4000,BT,6/1/25,1299824,
7,4000,BT,7/1/25,1173968,
8,4000,BT,8/1/25,844365,
9,4000,BT,9/1/25,1689327,September sales surged well above budget on strong back-to-school and Chuseok gifting demand
10,4000,BT,10/1/25,1181260,
11,4000,BT,11/1/25,2566245,
12,4000,BT,12/1/25,2485219,"December sales exceeded budget as the postponed November product launch shifted into December, driving stronger year-end demand"
13,5000,BT,1/1/25,734561,
14,5000,BT,2/1/25,766395,
15,5000,BT,3/1/25,639421,
16,5000,BT,4/1/25,498093,COGS came in below budget after a renegotiated packaging supplier contract lowered per-unit cost
17,5000,BT,5/1/25,1358776,
18,5000,BT,6/1/25,757537,
19,5000,BT,7/1/25,657656,"July COGS came in below budget as summer sales volume was lighter than planned, reducing production costs"
20,5000,BT,8/1/25,500202,"August COGS remained below budget, continuing the softer summer sales trend from July"
21,5000,BT,9/1/25,979303,COGS rose in line with the September sales surge from back-to-school and holiday demand
22,5000,BT,10/1/25,663159,
23,5000,BT,11/1/25,1464043,
24,5000,BT,12/1/25,1429249,COGS increased in line with the December sales surge from the postponed November launch
25,6101,BT,1/1/25,115405,Temporary staff and onboarding costs for new hires supporting Q1 store operations exceeded the initial payroll budget
26,6101,BT,2/1/25,107315,
27,6101,BT,3/1/25,108411,
28,6101,BT,4/1/25,109856,
29,6101,BT,5/1/25,110691,
30,6101,BT,6/1/25,114394,
31,6101,BT,7/1/25,108662,July payroll remained below budget as store staffing needs eased during the lighter summer sales period
32,6101,BT,8/1/25,110005,August payroll stayed below budget as the same reduced summer staffing levels from July continued
33,6101,BT,9/1/25,104614,"Despite the September sales surge, payroll remained below budget as the growth was driven by online channel volume rather than in-store staffing"
34,6101,BT,10/1/25,106914,Payroll came in below budget after two open sales associate positions remained unfilled through October
35,6101,BT,11/1/25,107135,The same unfilled sales associate positions from October kept payroll below budget in November
36,6101,BT,12/1/25,113719,
37,6102,BT,1/1/25,18691,
38,6102,BT,2/1/25,19824,
39,6102,BT,3/1/25,20871,
40,6102,BT,4/1/25,20797,
41,6102,BT,5/1/25,20615,
42,6102,BT,6/1/25,19880,
43,6102,BT,7/1/25,18086,
44,6102,BT,8/1/25,17970,
45,6102,BT,9/1/25,19878,
46,6102,BT,10/1/25,19223,
47,6102,BT,11/1/25,18636,
48,6102,BT,12/1/25,19553,
49,6103,BT,1/1/25,11834,
50,6103,BT,2/1/25,12855,
51,6103,BT,3/1/25,12831,
52,6103,BT,4/1/25,12098,
53,6103,BT,5/1/25,13049,
54,6103,BT,6/1/25,13341,
55,6103,BT,7/1/25,11578,
56,6103,BT,8/1/25,11678,
57,6103,BT,9/1/25,12418,
58,6103,BT,10/1/25,12250,
59,6103,BT,11/1/25,11676,
60,6103,BT,12/1/25,11714,
61,6104,BT,1/1/25,24537,
62,6104,BT,2/1/25,24740,
63,6104,BT,3/1/25,25378,
64,6104,BT,4/1/25,24965,
65,6104,BT,5/1/25,25356,
66,6104,BT,6/1/25,25403,
67,6104,BT,7/1/25,23418,
68,6104,BT,8/1/25,23733,
69,6104,BT,9/1/25,24392,
70,6104,BT,10/1/25,24950,
71,6104,BT,11/1/25,24012,
72,6104,BT,12/1/25,24610,
73,6105,BT,1/1/25,53532,
74,6105,BT,2/1/25,56600,
75,6105,BT,3/1/25,56522,
76,6105,BT,4/1/25,53855,
77,6105,BT,5/1/25,53649,
78,6105,BT,6/1/25,58358,
79,6105,BT,7/1/25,50273,July incentive payout was lower than budget in line with softer summer sales performance
80,6105,BT,8/1/25,49503,"August incentive payout remained below plan, consistent with the softer summer sales trend"
81,6105,BT,9/1/25,53763,"September incentive payout came in below budget as online sales, which carry a lower commission rate, drove most of the growth"
82,6105,BT,10/1/25,51506,Sales incentive payout was lower than budget following softer October promotional performance
83,6105,BT,11/1/25,51159,November incentive payout remained below plan as store traffic softened ahead of the holiday ramp-up
84,6105,BT,12/1/25,64247,
85,6106,BT,1/1/25,0,
86,6106,BT,2/1/25,0,
87,6106,BT,3/1/25,0,
88,6106,BT,4/1/25,0,
89,6106,BT,5/1/25,0,
90,6106,BT,6/1/25,0,
91,6106,BT,7/1/25,0,
92,6106,BT,8/1/25,0,
93,6106,BT,9/1/25,0,
94,6106,BT,10/1/25,19758,
95,6106,BT,11/1/25,0,
96,6106,BT,12/1/25,0,
97,6209,BT,1/1/25,4394,
98,6209,BT,2/1/25,2632,
99,6209,BT,3/1/25,3033,
100,6209,BT,4/1/25,6164,
101,6209,BT,5/1/25,8381,
102,6209,BT,6/1/25,6853,
103,6209,BT,7/1/25,2989,
104,6209,BT,8/1/25,4824,
105,6209,BT,9/1/25,3288,
106,6209,BT,10/1/25,3525,
107,6209,BT,11/1/25,6940,"A planned November product launch was postponed to December after a supplier delay pushed back inventory, reducing travel spend tied to the launch event"
108,6209,BT,12/1/25,6241,
109,6301,BT,1/1/25,25894,
110,6301,BT,2/1/25,27632,
111,6301,BT,3/1/25,29033,
112,6301,BT,4/1/25,27664,
113,6301,BT,5/1/25,29881,The May skincare promotion drove strong sales but required less warehouse capacity than budgeted due to efficient inventory turnover
114,6301,BT,6/1/25,28353,
115,6301,BT,7/1/25,24489,
116,6301,BT,8/1/25,26324,
117,6301,BT,9/1/25,24788,
118,6301,BT,10/1/25,25025,
119,6301,BT,11/1/25,28440,Warehouse activity came in below budget as inventory tied to the postponed November launch had not yet arrived
120,6301,BT,12/1/25,27741,Warehouse costs remained below budget as the December launch was executed with a leaner logistics footprint than originally planned for November
121,6302,BT,1/1/25,21271,
122,6302,BT,2/1/25,21436,
123,6302,BT,3/1/25,22930,
124,6302,BT,4/1/25,21679,
125,6302,BT,5/1/25,23755,"Outbound shipping costs came in below budget as the May promotion was fulfilled through fewer, consolidated shipments"
126,6302,BT,6/1/25,21302,
127,6302,BT,7/1/25,19638,
128,6302,BT,8/1/25,20101,
129,6302,BT,9/1/25,20300,
130,6302,BT,10/1/25,21113,
131,6302,BT,11/1/25,24143,Outbound shipping volume was lower than budget due to the inventory delay behind the postponed November launch
132,6302,BT,12/1/25,24009,Outbound shipping costs came in below budget as the December launch used consolidated shipments rather than the original expedited plan
133,6401,BT,1/1/25,29545,
134,6401,BT,2/1/25,28768,
135,6401,BT,3/1/25,29889,
136,6401,BT,4/1/25,29049,
137,6401,BT,5/1/25,30420,The May promotion was driven primarily through owned social channels at lower cost than the original paid campaign plan
138,6401,BT,6/1/25,28334,
139,6401,BT,7/1/25,27669,
140,6401,BT,8/1/25,28155,
141,6401,BT,9/1/25,26932,
142,6401,BT,10/1/25,29258,
143,6401,BT,11/1/25,30701,Digital ad spend originally planned around the November launch was held back after the launch was postponed
144,6401,BT,12/1/25,33124,Digital ad spend for the December launch came in below the original November campaign budget after switching to a lower-cost channel mix
145,6402,BT,1/1/25,10000,
146,6402,BT,2/1/25,10000,
147,6402,BT,3/1/25,19786,
148,6402,BT,4/1/25,10000,
149,6402,BT,5/1/25,19638,"A trade show originally budgeted for May was combined with a June event, reducing May spend"
150,6402,BT,6/1/25,10000,
151,6402,BT,7/1/25,10000,
152,6402,BT,8/1/25,10000,
153,6402,BT,9/1/25,10000,
154,6402,BT,10/1/25,10000,
155,6402,BT,11/1/25,12925,The trade show activation planned to support the November launch was postponed to December along with the launch itself
156,6402,BT,12/1/25,10000,The trade show activation for the December launch was scaled down from the original November plan
157,6403,BT,1/1/25,6743,
158,6403,BT,2/1/25,6321,
159,6403,BT,3/1/25,6805,
160,6403,BT,4/1/25,6883,
161,6403,BT,5/1/25,6356,
162,6403,BT,6/1/25,6659,
163,6403,BT,7/1/25,6374,
164,6403,BT,8/1/25,6425,
165,6403,BT,9/1/25,6232,
166,6403,BT,10/1/25,6038,
167,6403,BT,11/1/25,6992,A marketing platform upgrade planned to support the November launch was delayed along with the launch
168,6403,BT,12/1/25,6974,
169,6404,BT,1/1/25,12398,
170,6404,BT,2/1/25,12647,
171,6404,BT,3/1/25,14147,
172,6404,BT,4/1/25,12905,
173,6404,BT,5/1/25,12758,"Content production for the May promotion reused existing assets, reducing costs below budget"
174,6404,BT,6/1/25,12811,
175,6404,BT,7/1/25,12687,
176,6404,BT,8/1/25,12583,
177,6404,BT,9/1/25,12332,
178,6404,BT,10/1/25,12419,
179,6404,BT,11/1/25,13826,Content production originally scheduled for the November launch was postponed along with the launch date
180,6404,BT,12/1/25,14528,"Content production for the December launch reused assets originally created for November, reducing costs"
181,4000,FB,1/1/25,296158,
182,4000,FB,2/1/25,289341,February sales exceeded a conservatively set budget as the category continued its early growth trajectory
183,4000,FB,3/1/25,297224,March sales continued to exceed budget as the snack and beverage category gained further traction
184,4000,FB,4/1/25,298796,"April sales exceeded budget, continuing the category's consistent growth trend"
185,4000,FB,5/1/25,387950,May sales exceeded budget on strong demand during a spring beverage promotion
186,4000,FB,6/1/25,290979,June sales exceeded budget on continued strength in the spring beverage promotion
187,4000,FB,7/1/25,272214,"July sales exceeded budget, continuing the category's consistent outperformance"
188,4000,FB,8/1/25,276249,August sales exceeded budget as the category maintained its growth trajectory
189,4000,FB,9/1/25,286328,September sales exceeded budget on strong back-to-school snack purchases
190,4000,FB,10/1/25,283132,October sales exceeded a conservatively set budget as the snack and beverage category continued to gain traction
191,4000,FB,11/1/25,390903,November sales exceeded budget on strong early holiday season snack purchases
192,4000,FB,12/1/25,400194,December sales exceeded budget on strong year-end snack and beverage gifting demand
193,5000,FB,1/1/25,216208,
194,5000,FB,2/1/25,222781,COGS increased in line with the February sales outperformance
195,5000,FB,3/1/25,219993,COGS increased in line with the March sales outperformance
196,5000,FB,4/1/25,219568,
197,5000,FB,5/1/25,288175,COGS increased in line with the May sales outperformance
198,5000,FB,6/1/25,226645,COGS increased in line with the June sales outperformance
199,5000,FB,7/1/25,208390,COGS increased in line with the July sales outperformance
200,5000,FB,8/1/25,208682,COGS increased in line with the August sales outperformance
201,5000,FB,9/1/25,208882,COGS increased in line with the September sales outperformance
202,5000,FB,10/1/25,217878,COGS increased in line with the October sales outperformance
203,5000,FB,11/1/25,289309,COGS increased in line with the November sales outperformance
204,5000,FB,12/1/25,292514,COGS increased in line with the December sales surge
205,6101,FB,1/1/25,8353,
206,6101,FB,2/1/25,8128,
207,6101,FB,3/1/25,8919,
208,6101,FB,4/1/25,8761,
209,6101,FB,5/1/25,8420,
210,6101,FB,6/1/25,8573,
211,6101,FB,7/1/25,7807,
212,6101,FB,8/1/25,8015,
213,6101,FB,9/1/25,7842,
214,6101,FB,10/1/25,7860,
215,6101,FB,11/1/25,8048,
216,6101,FB,12/1/25,8068,
217,6102,FB,1/1/25,1461,
218,6102,FB,2/1/25,1536,
219,6102,FB,3/1/25,1590,
220,6102,FB,4/1/25,1593,
221,6102,FB,5/1/25,1548,
222,6102,FB,6/1/25,1587,
223,6102,FB,7/1/25,1507,
224,6102,FB,8/1/25,1514,
225,6102,FB,9/1/25,1440,
226,6102,FB,10/1/25,1430,
227,6102,FB,11/1/25,1442,
228,6102,FB,12/1/25,1449,
229,6103,FB,1/1/25,896,
230,6103,FB,2/1/25,943,
231,6103,FB,3/1/25,925,
232,6103,FB,4/1/25,915,
233,6103,FB,5/1/25,999,
234,6103,FB,6/1/25,945,
235,6103,FB,7/1/25,934,
236,6103,FB,8/1/25,898,
237,6103,FB,9/1/25,951,
238,6103,FB,10/1/25,920,
239,6103,FB,11/1/25,930,
240,6103,FB,12/1/25,936,
241,6104,FB,1/1/25,1869,
242,6104,FB,2/1/25,1899,
243,6104,FB,3/1/25,1880,
244,6104,FB,4/1/25,1867,
245,6104,FB,5/1/25,1904,
246,6104,FB,6/1/25,1997,
247,6104,FB,7/1/25,1877,
248,6104,FB,8/1/25,1792,
249,6104,FB,9/1/25,1822,
250,6104,FB,10/1/25,1929,
251,6104,FB,11/1/25,1915,
252,6104,FB,12/1/25,1804,
253,6105,FB,1/1/25,4140,
254,6105,FB,2/1/25,4037,
255,6105,FB,3/1/25,4139,
256,6105,FB,4/1/25,4031,
257,6105,FB,5/1/25,6660,Sales incentive payout exceeded budget on strong May promotional performance
258,6105,FB,6/1/25,4090,
259,6105,FB,7/1/25,3773,
260,6105,FB,8/1/25,3863,
261,6105,FB,9/1/25,3938,
262,6105,FB,10/1/25,3966,
263,6105,FB,11/1/25,4183,
264,6105,FB,12/1/25,4022,
265,6209,FB,1/1/25,7550,
266,6209,FB,2/1/25,5735,
267,6209,FB,3/1/25,5877,
268,6209,FB,4/1/25,5671,
269,6209,FB,5/1/25,5653,
270,6209,FB,6/1/25,5844,Additional travel supported supplier meetings tied to the strong beverage promotion
271,6209,FB,7/1/25,5298,
272,6209,FB,8/1/25,5725,
273,6209,FB,9/1/25,5544,
274,6209,FB,10/1/25,5432,Additional travel was required to visit a new snack distributor ahead of the year-end season
275,6209,FB,11/1/25,8947,Additional travel supported supplier negotiations ahead of the year-end promotional period
276,6209,FB,12/1/25,9053,Additional travel supported year-end distributor relationship management
277,6301,FB,1/1/25,7550,
278,6301,FB,2/1/25,5735,
279,6301,FB,3/1/25,5877,
280,6301,FB,4/1/25,5671,
281,6301,FB,5/1/25,8153,
282,6301,FB,6/1/25,5844,Additional warehouse space was used to support the stronger-than-planned June sales volume
283,6301,FB,7/1/25,5298,
284,6301,FB,8/1/25,5725,
285,6301,FB,9/1/25,5544,
286,6301,FB,10/1/25,5432,Additional warehouse space was used to support the stronger-than-planned October sales volume
287,6301,FB,11/1/25,8947,Additional warehouse space was rented to store inventory ahead of the year-end promotional period
288,6301,FB,12/1/25,9053,Warehouse costs rose in line with higher year-end inventory levels
289,6302,FB,1/1/25,4690,
290,6302,FB,2/1/25,4801,
291,6302,FB,3/1/25,5209,
292,6302,FB,4/1/25,4893,
293,6302,FB,5/1/25,7394,
294,6302,FB,6/1/25,4987,Outbound shipping costs rose in line with higher June sales volume
295,6302,FB,7/1/25,4611,
296,6302,FB,8/1/25,4661,
297,6302,FB,9/1/25,4751,
298,6302,FB,10/1/25,4458,
299,6302,FB,11/1/25,7371,Outbound shipping costs rose in line with higher November sales volume
300,6302,FB,12/1/25,7432,
301,6401,FB,1/1/25,6467,
302,6401,FB,2/1/25,6206,
303,6401,FB,3/1/25,6971,
304,6401,FB,4/1/25,6652,
305,6401,FB,5/1/25,10485,
306,6401,FB,6/1/25,6597,Advertising spend increased to sustain the momentum from the spring beverage promotion
307,6401,FB,7/1/25,6162,
308,6401,FB,8/1/25,6368,
309,6401,FB,9/1/25,5989,
310,6401,FB,10/1/25,5917,Advertising spend was increased to support the stronger-than-planned October sales momentum
311,6401,FB,11/1/25,9268,Advertising spend increased to support the year-end holiday promotional campaign
312,6401,FB,12/1/25,9378,Advertising spend remained elevated to support continued year-end gifting demand
313,6402,FB,1/1/25,1391,
314,6402,FB,2/1/25,1487,
315,6402,FB,3/1/25,1448,
316,6402,FB,4/1/25,1511,
317,6402,FB,5/1/25,3912,
318,6402,FB,6/1/25,1445,
319,6402,FB,7/1/25,1331,
320,6402,FB,8/1/25,1341,
321,6402,FB,9/1/25,1346,
322,6402,FB,10/1/25,1334,
323,6402,FB,11/1/25,3953,
324,6402,FB,12/1/25,4007,
325,6403,FB,1/1/25,564,
326,6403,FB,2/1/25,594,
327,6403,FB,3/1/25,583,
328,6403,FB,4/1/25,595,
329,6403,FB,5/1/25,3096,
330,6403,FB,6/1/25,605,
331,6403,FB,7/1/25,538,
332,6403,FB,8/1/25,568,
333,6403,FB,9/1/25,573,
334,6403,FB,10/1/25,546,
335,6403,FB,11/1/25,3097,
336,6403,FB,12/1/25,3112,
337,6404,FB,1/1/25,1110,
338,6404,FB,2/1/25,1126,
339,6404,FB,3/1/25,1263,
340,6404,FB,4/1/25,1156,
341,6404,FB,5/1/25,3633,
342,6404,FB,6/1/25,1209,
343,6404,FB,7/1/25,1045,
344,6404,FB,8/1/25,1059,
345,6404,FB,9/1/25,1067,
346,6404,FB,10/1/25,1065,
347,6404,FB,11/1/25,3770,
348,6404,FB,12/1/25,3743,
349,6501,FB,1/1/25,1256,
350,6501,FB,2/1/25,1304,
351,6501,FB,3/1/25,1334,
352,6501,FB,4/1/25,1356,
353,6501,FB,5/1/25,1292,
354,6501,FB,6/1/25,1312,
355,6501,FB,7/1/25,1209,
356,6501,FB,8/1/25,1234,
357,6501,FB,9/1/25,1230,
358,6501,FB,10/1/25,1315,
359,6501,FB,11/1/25,1294,
360,6501,FB,12/1/25,1241,
361,6101,GA,1/1/25,70343,
362,6101,GA,2/1/25,68055,
363,6101,GA,3/1/25,68687,
364,6101,GA,4/1/25,70937,
365,6101,GA,5/1/25,70900,
366,6101,GA,6/1/25,75552,
367,6101,GA,7/1/25,66204,
368,6101,GA,8/1/25,66847,
369,6101,GA,9/1/25,65729,
370,6101,GA,10/1/25,71246,
371,6101,GA,11/1/25,72803,
372,6101,GA,12/1/25,69681,
373,6102,GA,1/1/25,12498,
374,6102,GA,2/1/25,12215,
375,6102,GA,3/1/25,13085,
376,6102,GA,4/1/25,12598,
377,6102,GA,5/1/25,13297,
378,6102,GA,6/1/25,13617,
379,6102,GA,7/1/25,12310,
380,6102,GA,8/1/25,11547,
381,6102,GA,9/1/25,12338,
382,6102,GA,10/1/25,12741,
383,6102,GA,11/1/25,12683,
384,6102,GA,12/1/25,12741,
385,6103,GA,1/1/25,8051,
386,6103,GA,2/1/25,7578,
387,6103,GA,3/1/25,7996,
388,6103,GA,4/1/25,7806,
389,6103,GA,5/1/25,7887,
390,6103,GA,6/1/25,8349,
391,6103,GA,7/1/25,7450,
392,6103,GA,8/1/25,7699,
393,6103,GA,9/1/25,7633,
394,6103,GA,10/1/25,7516,
395,6103,GA,11/1/25,7723,
396,6103,GA,12/1/25,7812,
397,6104,GA,1/1/25,15676,
398,6104,GA,2/1/25,15089,
399,6104,GA,3/1/25,16667,Pension contributions increased following the annual contribution rate review conducted by HR in Q1
400,6104,GA,4/1/25,16477,Pension contributions remained elevated following the Q1 contribution rate review
401,6104,GA,5/1/25,16896,Pension contributions remained elevated following the Q1 contribution rate review
402,6104,GA,6/1/25,15612,
403,6104,GA,7/1/25,14222,
404,6104,GA,8/1/25,15141,
405,6104,GA,9/1/25,15089,
406,6104,GA,10/1/25,14562,
407,6104,GA,11/1/25,15158,
408,6104,GA,12/1/25,15730,
409,6105,GA,1/1/25,35545,
410,6105,GA,2/1/25,34473,
411,6105,GA,3/1/25,34954,
412,6105,GA,4/1/25,36413,
413,6105,GA,5/1/25,35118,
414,6105,GA,6/1/25,35785,
415,6105,GA,7/1/25,33634,
416,6105,GA,8/1/25,33300,
417,6105,GA,9/1/25,32358,
418,6105,GA,10/1/25,33572,
419,6105,GA,11/1/25,35394,
420,6105,GA,12/1/25,32837,
421,6201,GA,1/1/25,16600,
422,6201,GA,2/1/25,16600,
423,6201,GA,3/1/25,16600,
424,6201,GA,4/1/25,16600,
425,6201,GA,5/1/25,16600,
426,6201,GA,6/1/25,16600,
427,6201,GA,7/1/25,18260,
428,6201,GA,8/1/25,18260,
429,6201,GA,9/1/25,18260,
430,6201,GA,10/1/25,18260,
431,6201,GA,11/1/25,18260,
432,6201,GA,12/1/25,18260,
433,6202,GA,1/1/25,3735,
434,6202,GA,2/1/25,3735,
435,6202,GA,3/1/25,3735,
436,6202,GA,4/1/25,3735,
437,6202,GA,5/1/25,3735,
438,6202,GA,6/1/25,3735,
439,6202,GA,7/1/25,4150,
440,6202,GA,8/1/25,4150,
441,6202,GA,9/1/25,4150,
442,6202,GA,10/1/25,4150,
443,6202,GA,11/1/25,4150,
444,6202,GA,12/1/25,4150,
445,6203,GA,1/1/25,24900,
446,6203,GA,2/1/25,24900,
447,6203,GA,3/1/25,24900,
448,6203,GA,4/1/25,24900,
449,6203,GA,5/1/25,24900,
450,6203,GA,6/1/25,24900,
451,6203,GA,7/1/25,21000,Office rent remained below budget under the renegotiated headquarters lease terms
452,6203,GA,8/1/25,21000,Office rent remained below budget under the renegotiated headquarters lease terms
453,6203,GA,9/1/25,21000,Office rent remained below budget under the renegotiated headquarters lease terms
454,6203,GA,10/1/25,21000,Office rent came in below budget following a renegotiated headquarters lease that reduced the monthly rate starting in the second half of the year
455,6203,GA,11/1/25,21000,Office rent remained below budget under the renegotiated headquarters lease terms
456,6203,GA,12/1/25,21000,Office rent remained below budget under the renegotiated headquarters lease terms
457,6204,GA,1/1/25,7198,
458,6204,GA,2/1/25,7395,
459,6204,GA,3/1/25,7721,
460,6204,GA,4/1/25,7908,
461,6204,GA,5/1/25,7821,
462,6204,GA,6/1/25,7941,
463,6204,GA,7/1/25,6550,
464,6204,GA,8/1/25,7885,
465,6204,GA,9/1/25,6653,
466,6204,GA,10/1/25,7338,
467,6204,GA,11/1/25,7694,
468,6204,GA,12/1/25,6308,
469,6206,GA,1/1/25,12450,
470,6206,GA,2/1/25,12450,
471,6206,GA,3/1/25,12450,
472,6206,GA,4/1/25,12450,
473,6206,GA,5/1/25,12450,
474,6206,GA,6/1/25,20750,Additional IT software licenses were purchased ahead of the mid-year system consolidation
475,6206,GA,7/1/25,12450,
476,6206,GA,8/1/25,12450,
477,6206,GA,9/1/25,12450,
478,6206,GA,10/1/25,12450,
479,6206,GA,11/1/25,12450,
480,6206,GA,12/1/25,12450,
481,6207,GA,1/1/25,378,
482,6207,GA,2/1/25,721,
483,6207,GA,3/1/25,438,
484,6207,GA,4/1/25,794,
485,6207,GA,5/1/25,920,
486,6207,GA,6/1/25,599,
487,6207,GA,7/1/25,483,
488,6207,GA,8/1/25,652,
489,6207,GA,9/1/25,329,
490,6207,GA,10/1/25,251,
491,6207,GA,11/1/25,880,
492,6207,GA,12/1/25,264,
493,6208,GA,1/1/25,19090,
494,6208,GA,2/1/25,19090,
495,6208,GA,3/1/25,19090,
496,6208,GA,4/1/25,19090,
497,6208,GA,5/1/25,19090,
498,6208,GA,6/1/25,19090,
499,6208,GA,7/1/25,19090,
500,6208,GA,8/1/25,19090,
501,6208,GA,9/1/25,22410,Additional legal fees were incurred for trademark registration filings in new export markets
502,6208,GA,10/1/25,19090,
503,6208,GA,11/1/25,19090,
504,6208,GA,12/1/25,19090,
505,6209,GA,1/1/25,2186,
506,6209,GA,2/1/25,686,
507,6209,GA,3/1/25,1261,
508,6209,GA,4/1/25,6623,Additional travel costs were incurred for an unplanned overseas supplier audit visit
509,6209,GA,5/1/25,642,
510,6209,GA,6/1/25,1200,
511,6209,GA,7/1/25,468,
512,6209,GA,8/1/25,315,
513,6209,GA,9/1/25,832,
514,6209,GA,10/1/25,925,
515,6209,GA,11/1/25,2055,
516,6209,GA,12/1/25,614,
517,6210,GA,1/1/25,0,
518,6210,GA,2/1/25,1245,
519,6210,GA,3/1/25,830,
520,6210,GA,4/1/25,2075,
521,6210,GA,5/1/25,830,
522,6210,GA,6/1/25,0,
523,6210,GA,7/1/25,830,
524,6210,GA,8/1/25,1245,
525,6210,GA,9/1/25,830,
526,6210,GA,10/1/25,830,
527,6210,GA,11/1/25,1660,
528,6210,GA,12/1/25,830,
529,4000,HP,1/1/25,503112,
530,4000,HP,2/1/25,490545,
531,4000,HP,3/1/25,521925,
532,4000,HP,4/1/25,487646,
533,4000,HP,5/1/25,892050,
534,4000,HP,6/1/25,479402,
535,4000,HP,7/1/25,477290,
536,4000,HP,8/1/25,454686,
537,4000,HP,9/1/25,487130,
538,4000,HP,10/1/25,560717,
539,4000,HP,11/1/25,869451,
540,4000,HP,12/1/25,850292,
541,5000,HP,1/1/25,352428,
542,5000,HP,2/1/25,336633,
543,5000,HP,3/1/25,359826,
544,5000,HP,4/1/25,355146,
545,5000,HP,5/1/25,610463,
546,5000,HP,6/1/25,353111,
547,5000,HP,7/1/25,331146,
548,5000,HP,8/1/25,313977,
549,5000,HP,9/1/25,337680,
550,5000,HP,10/1/25,386996,
551,5000,HP,11/1/25,577788,
552,5000,HP,12/1/25,593592,
553,6101,HP,1/1/25,57140,
554,6101,HP,2/1/25,55860,
555,6101,HP,3/1/25,59392,
556,6101,HP,4/1/25,56460,
557,6101,HP,5/1/25,56914,
558,6101,HP,6/1/25,58182,
559,6101,HP,7/1/25,52624,
560,6101,HP,8/1/25,57740,
561,6101,HP,9/1/25,57528,
562,6101,HP,10/1/25,58514,
563,6101,HP,11/1/25,58536,
564,6101,HP,12/1/25,56668,
565,6102,HP,1/1/25,10036,
566,6102,HP,2/1/25,10092,
567,6102,HP,3/1/25,10620,
568,6102,HP,4/1/25,10976,Health insurance costs exceeded budget following a mid-year plan renewal that increased the per-employee premium
569,6102,HP,5/1/25,10520,
570,6102,HP,6/1/25,11120,Health insurance costs remained above budget under the renewed plan's higher per-employee premium
571,6102,HP,7/1/25,10028,
572,6102,HP,8/1/25,9602,
573,6102,HP,9/1/25,9966,
574,6102,HP,10/1/25,9884,
575,6102,HP,11/1/25,9630,
576,6102,HP,12/1/25,9704,
577,6103,HP,1/1/25,6362,
578,6103,HP,2/1/25,6224,
579,6103,HP,3/1/25,6780,
580,6103,HP,4/1/25,6466,
581,6103,HP,5/1/25,6582,
582,6103,HP,6/1/25,6714,
583,6103,HP,7/1/25,5944,
584,6103,HP,8/1/25,6016,
585,6103,HP,9/1/25,6090,
586,6103,HP,10/1/25,6106,
587,6103,HP,11/1/25,6372,
588,6103,HP,12/1/25,6212,
589,6104,HP,1/1/25,13106,Pension contributions exceeded budget following a policy update requiring higher employer contributions starting the year
590,6104,HP,2/1/25,13132,Pension contributions remained above budget under the updated employer contribution policy
591,6104,HP,3/1/25,12558,Pension contributions remained above budget under the updated employer contribution policy
592,6104,HP,4/1/25,13624,Pension contributions remained above budget under the updated employer contribution policy
593,6104,HP,5/1/25,13838,Pension contributions remained above budget under the updated employer contribution policy
594,6104,HP,6/1/25,12944,Pension contributions remained above budget under the updated employer contribution policy
595,6104,HP,7/1/25,11924,
596,6104,HP,8/1/25,11812,
597,6104,HP,9/1/25,12646,
598,6104,HP,10/1/25,12890,
599,6104,HP,11/1/25,13134,
600,6104,HP,12/1/25,12290,
601,6105,HP,1/1/25,27566,Sales incentive payout exceeded a conservatively set budget on strong January promotional performance
602,6105,HP,2/1/25,27382,Sales incentive payout exceeded budget on continued strong promotional performance
603,6105,HP,3/1/25,28728,Sales incentive payout exceeded budget on continued strong promotional performance
604,6105,HP,4/1/25,28112,Sales incentive payout exceeded budget on continued strong promotional performance
605,6105,HP,5/1/25,27948,Sales incentive payout exceeded budget on continued strong promotional performance
606,6105,HP,6/1/25,28306,Sales incentive payout exceeded budget on continued strong promotional performance
607,6105,HP,7/1/25,25762,
608,6105,HP,8/1/25,28128,Sales incentive payout exceeded budget on strong August promotional performance
609,6105,HP,9/1/25,27234,
610,6105,HP,10/1/25,27132,
611,6105,HP,11/1/25,27938,Sales incentive payout exceeded budget on strong November promotional performance
612,6105,HP,12/1/25,29200,Sales incentive payout exceeded budget on strong December year-end promotional performance
613,6209,HP,1/1/25,2612,
614,6209,HP,2/1/25,2540,
615,6209,HP,3/1/25,2758,
616,6209,HP,4/1/25,2603,
617,6209,HP,5/1/25,3563,
618,6209,HP,6/1/25,2580,
619,6209,HP,7/1/25,2448,
620,6209,HP,8/1/25,2435,
621,6209,HP,9/1/25,2444,
622,6209,HP,10/1/25,2573,
623,6209,HP,11/1/25,3919,
624,6209,HP,12/1/25,3741,
625,6301,HP,1/1/25,2612,
626,6301,HP,2/1/25,2540,
627,6301,HP,3/1/25,2758,
628,6301,HP,4/1/25,2603,
629,6301,HP,5/1/25,3563,
630,6301,HP,6/1/25,2580,
631,6301,HP,7/1/25,2448,
632,6301,HP,8/1/25,2435,
633,6301,HP,9/1/25,2444,
634,6301,HP,10/1/25,2573,
635,6301,HP,11/1/25,3919,
636,6301,HP,12/1/25,3741,
637,6302,HP,1/1/25,2188,
638,6302,HP,2/1/25,2115,
639,6302,HP,3/1/25,2263,
640,6302,HP,4/1/25,2045,
641,6302,HP,5/1/25,3145,
642,6302,HP,6/1/25,2278,
643,6302,HP,7/1/25,2078,
644,6302,HP,8/1/25,2100,
645,6302,HP,9/1/25,1943,
646,6302,HP,10/1/25,1960,
647,6302,HP,11/1/25,3918,
648,6302,HP,12/1/25,3346,
649,6401,HP,1/1/25,2801,
650,6401,HP,2/1/25,2741,
651,6401,HP,3/1/25,3044,
652,6401,HP,4/1/25,2973,
653,6401,HP,5/1/25,3920,
654,6401,HP,6/1/25,2893,
655,6401,HP,7/1/25,2830,
656,6401,HP,8/1/25,2741,
657,6401,HP,9/1/25,2696,
658,6401,HP,10/1/25,2720,
659,6401,HP,11/1/25,3236,
660,6401,HP,12/1/25,3182,
661,6402,HP,1/1/25,1560,
662,6402,HP,2/1/25,1549,
663,6402,HP,3/1/25,1766,
664,6402,HP,4/1/25,1663,
665,6402,HP,5/1/25,2559,
666,6402,HP,6/1/25,1675,
667,6402,HP,7/1/25,1498,
668,6402,HP,8/1/25,1587,
669,6402,HP,9/1/25,1598,
670,6402,HP,10/1/25,1587,
671,6402,HP,11/1/25,2805,
672,6402,HP,12/1/25,2807,
673,6403,HP,1/1/25,651,
674,6403,HP,2/1/25,666,
675,6403,HP,3/1/25,686,
676,6403,HP,4/1/25,678,
677,6403,HP,5/1/25,1623,
678,6403,HP,6/1/25,641,
679,6403,HP,7/1/25,613,
680,6403,HP,8/1/25,596,
681,6403,HP,9/1/25,629,
682,6403,HP,10/1/25,609,
683,6403,HP,11/1/25,1672,
684,6403,HP,12/1/25,1659,
685,6404,HP,1/1/25,1221,
686,6404,HP,2/1/25,1323,
687,6404,HP,3/1/25,1325,
688,6404,HP,4/1/25,1307,
689,6404,HP,5/1/25,1292,
690,6404,HP,6/1/25,1349,
691,6404,HP,7/1/25,1201,
692,6404,HP,8/1/25,1236,
693,6404,HP,9/1/25,1252,
694,6404,HP,10/1/25,1271,
695,6404,HP,11/1/25,1423,
696,6404,HP,12/1/25,1409,
697,6501,HP,1/1/25,1485,
698,6501,HP,2/1/25,1504,
699,6501,HP,3/1/25,1448,
700,6501,HP,4/1/25,1430,
701,6501,HP,5/1/25,1489,
702,6501,HP,6/1/25,1553,
703,6501,HP,7/1/25,1419,
704,6501,HP,8/1/25,1374,
705,6501,HP,9/1/25,1406,
706,6501,HP,10/1/25,1385,
707,6501,HP,11/1/25,1405,
708,6501,HP,12/1/25,1423,
709,4000,HW,1/1/25,695639,
710,4000,HW,2/1/25,978553,February sales exceeded budget on strong flu-season demand for immune-support supplements
711,4000,HW,3/1/25,786521,
712,4000,HW,4/1/25,1001141,April sales exceeded budget as wellness and supplement demand continued to grow
713,4000,HW,5/1/25,1285340,
714,4000,HW,6/1/25,613463,
715,4000,HW,7/1/25,615004,
716,4000,HW,8/1/25,851508,August sales exceeded budget as wellness product demand remained strong through the summer
717,4000,HW,9/1/25,923740,September sales exceeded budget on strong back-to-school demand for vitamin and supplement products
718,4000,HW,10/1/25,705902,
719,4000,HW,11/1/25,1408151,"November sales exceeded a conservatively set budget, driven by growing demand for wellness and supplement products"
720,4000,HW,12/1/25,1333646,
721,5000,HW,1/1/25,431429,
722,5000,HW,2/1/25,587442,COGS increased in line with the February sales outperformance
723,5000,HW,3/1/25,483520,
724,5000,HW,4/1/25,650835,COGS increased in line with the April sales outperformance
725,5000,HW,5/1/25,797357,
726,5000,HW,6/1/25,398804,
727,5000,HW,7/1/25,405712,
728,5000,HW,8/1/25,547981,COGS increased in line with the August sales outperformance
729,5000,HW,9/1/25,568673,COGS increased in line with the September sales outperformance
730,5000,HW,10/1/25,446675,
731,5000,HW,11/1/25,884339,COGS increased in line with the November sales outperformance
732,5000,HW,12/1/25,839872,
733,6101,HW,1/1/25,48066,
734,6101,HW,2/1/25,50294,
735,6101,HW,3/1/25,49402,
736,6101,HW,4/1/25,48919,
737,6101,HW,5/1/25,49787,
738,6101,HW,6/1/25,50446,
739,6101,HW,7/1/25,45968,
740,6101,HW,8/1/25,44837,
741,6101,HW,9/1/25,43996,
742,6101,HW,10/1/25,52255,
743,6101,HW,11/1/25,46640,
744,6101,HW,12/1/25,46766,
745,6102,HW,1/1/25,8254,
746,6102,HW,2/1/25,8820,
747,6102,HW,3/1/25,9036,
748,6102,HW,4/1/25,8990,
749,6102,HW,5/1/25,9016,
750,6102,HW,6/1/25,9093,
751,6102,HW,7/1/25,7992,
752,6102,HW,8/1/25,7893,
753,6102,HW,9/1/25,8453,
754,6102,HW,10/1/25,8321,
755,6102,HW,11/1/25,8593,
756,6102,HW,12/1/25,8281,
757,6103,HW,1/1/25,5385,
758,6103,HW,2/1/25,5360,
759,6103,HW,3/1/25,5620,
760,6103,HW,4/1/25,5391,
761,6103,HW,5/1/25,5671,
762,6103,HW,6/1/25,5688,
763,6103,HW,7/1/25,5142,
764,6103,HW,8/1/25,5027,
765,6103,HW,9/1/25,5168,
766,6103,HW,10/1/25,4993,
767,6103,HW,11/1/25,4971,
768,6103,HW,12/1/25,5513,
769,6104,HW,1/1/25,11081,
770,6104,HW,2/1/25,11056,
771,6104,HW,3/1/25,10382,
772,6104,HW,4/1/25,10443,
773,6104,HW,5/1/25,10872,
774,6104,HW,6/1/25,10545,
775,6104,HW,7/1/25,10572,
776,6104,HW,8/1/25,10409,
777,6104,HW,9/1/25,10674,
778,6104,HW,10/1/25,10826,
779,6104,HW,11/1/25,10198,
780,6104,HW,12/1/25,10593,
781,6105,HW,1/1/25,22346,
782,6105,HW,2/1/25,24554,
783,6105,HW,3/1/25,24020,
784,6105,HW,4/1/25,24599,
785,6105,HW,5/1/25,23056,
786,6105,HW,6/1/25,25099,
787,6105,HW,7/1/25,22433,Sales incentive payout came in below budget as July promotional performance fell short of target
788,6105,HW,8/1/25,22904,Sales incentive payout came in below budget as August promotional performance fell short of target
789,6105,HW,9/1/25,21702,Sales incentive payout came in below budget as September promotional performance fell short of target
790,6105,HW,10/1/25,21800,Sales incentive payout came in below budget as October promotional performance fell short of target
791,6105,HW,11/1/25,23420,
792,6105,HW,12/1/25,22993,
793,6209,HW,1/1/25,14582,
794,6209,HW,2/1/25,14539,
795,6209,HW,3/1/25,14837,
796,6209,HW,4/1/25,13892,
797,6209,HW,5/1/25,15283,"A planned May product launch event was postponed to Q3, reducing travel spend originally budgeted for the launch"
798,6209,HW,6/1/25,14215,"The postponed May launch activities shifted into June, driving travel spend above the original June budget"
799,6209,HW,7/1/25,14170,
800,6209,HW,8/1/25,13747,
801,6209,HW,9/1/25,14091,
802,6209,HW,10/1/25,13271,
803,6209,HW,11/1/25,15764,"Despite strong November sales, travel spend came in below budget as planned supplier visits were consolidated into fewer trips"
804,6209,HW,12/1/25,15449,Travel spend remained below budget as December supplier visits were consolidated with the November trip
805,6301,HW,1/1/25,14582,
806,6301,HW,2/1/25,14539,
807,6301,HW,3/1/25,14837,
808,6301,HW,4/1/25,13892,
809,6301,HW,5/1/25,15283,Warehouse costs came in below budget as inventory tied to the postponed May launch had not yet arrived
810,6301,HW,6/1/25,14215,Warehouse activity increased above budget as inventory for the rescheduled launch arrived in June
811,6301,HW,7/1/25,14170,
812,6301,HW,8/1/25,13747,
813,6301,HW,9/1/25,14091,
814,6301,HW,10/1/25,13271,
815,6301,HW,11/1/25,15764,Warehouse costs came in below budget as the November sales growth was fulfilled from existing inventory without additional storage
816,6301,HW,12/1/25,15449,"Warehouse costs remained below budget, continuing the efficient inventory turnover seen in November"
817,6302,HW,1/1/25,11306,
818,6302,HW,2/1/25,11457,
819,6302,HW,3/1/25,12093,
820,6302,HW,4/1/25,11784,
821,6302,HW,5/1/25,11927,Outbound shipping costs came in below budget due to the inventory delay behind the postponed May launch
822,6302,HW,6/1/25,12629,Outbound shipping costs exceeded budget as the rescheduled June launch drove higher volume
823,6302,HW,7/1/25,10857,
824,6302,HW,8/1/25,11716,
825,6302,HW,9/1/25,10859,
826,6302,HW,10/1/25,11374,
827,6302,HW,11/1/25,12768,"Outbound shipping costs came in below budget after consolidating November deliveries into fewer, larger shipments"
828,6302,HW,12/1/25,13164,Outbound shipping costs remained below budget as December deliveries continued to be consolidated
829,6401,HW,1/1/25,15952,
830,6401,HW,2/1/25,15134,
831,6401,HW,3/1/25,16501,
832,6401,HW,4/1/25,16090,
833,6401,HW,5/1/25,17022,Advertising spend originally planned around the May launch was held back after the launch was postponed
834,6401,HW,6/1/25,16632,Advertising spend exceeded budget as the campaign originally planned for May shifted into June
835,6401,HW,7/1/25,14484,
836,6401,HW,8/1/25,14537,
837,6401,HW,9/1/25,15348,
838,6401,HW,10/1/25,15558,
839,6401,HW,11/1/25,16915,Advertising spend came in below budget as the November sales growth was driven by organic demand rather than the planned paid campaign
840,6401,HW,12/1/25,16763,Advertising spend remained below budget as December sales continued to be driven by organic demand
841,6402,HW,1/1/25,8680,
842,6402,HW,2/1/25,8586,
843,6402,HW,3/1/25,9796,
844,6402,HW,4/1/25,8653,
845,6402,HW,5/1/25,8636,The trade show activation planned to support the May launch was postponed along with the launch itself
846,6402,HW,6/1/25,8708,
847,6402,HW,7/1/25,8110,
848,6402,HW,8/1/25,8205,
849,6402,HW,9/1/25,8435,
850,6402,HW,10/1/25,8714,
851,6402,HW,11/1/25,9930,
852,6402,HW,12/1/25,9238,
853,6403,HW,1/1/25,3424,
854,6403,HW,2/1/25,3624,
855,6403,HW,3/1/25,3890,
856,6403,HW,4/1/25,3532,
857,6403,HW,5/1/25,3534,
858,6403,HW,6/1/25,3810,
859,6403,HW,7/1/25,3453,
860,6403,HW,8/1/25,3466,
861,6403,HW,9/1/25,3246,
862,6403,HW,10/1/25,3270,
863,6403,HW,11/1/25,3635,
864,6403,HW,12/1/25,3992,
865,6404,HW,1/1/25,6727,
866,6404,HW,2/1/25,6787,
867,6404,HW,3/1/25,7481,
868,6404,HW,4/1/25,7330,
869,6404,HW,5/1/25,7195,Content production originally scheduled for the May launch was postponed along with the launch date
870,6404,HW,6/1/25,7093,
871,6404,HW,7/1/25,6733,
872,6404,HW,8/1/25,6634,
873,6404,HW,9/1/25,7131,
874,6404,HW,10/1/25,7121,
875,6404,HW,11/1/25,7974,
876,6404,HW,12/1/25,7482,
877,6501,HW,1/1/25,7932,
878,6501,HW,2/1/25,8417,
879,6501,HW,3/1/25,8619,
880,6501,HW,4/1/25,10807,
881,6501,HW,5/1/25,8045,PB product development testing tied to the May launch was postponed to Q3 along with the launch
882,6501,HW,6/1/25,8519,
883,6501,HW,7/1/25,8122,
884,6501,HW,8/1/25,7882,
885,6501,HW,9/1/25,8218,
886,6501,HW,10/1/25,7840,
887,6501,HW,11/1/25,8296,
888,6501,HW,12/1/25,8024,