"month","dept_code","account_category","account_category_sub","amount_type","amount"
"2025-01-01","BT","COGS","COGS","Actual","734561.00"
"2025-01-01","BT","COGS","COGS","Budget","717843.00"
"2025-01-01","BT","OpEX","Administrative expense","Actual","4394.00"
"2025-01-01","BT","OpEX","Administrative expense","Budget","3753.00"
"2025-01-01","BT","OpEX","Freight expense","Actual","47165.00"
"2025-01-01","BT","OpEX","Freight expense","Budget","40282.00"
"2025-01-01","BT","OpEX","Marketing expense","Actual","58686.00"
"2025-01-01","BT","OpEX","Marketing expense","Budget","50123.00"
"2025-01-01","BT","OpEX","Personnel Expense","Actual","223999.00"
"2025-01-01","BT","OpEX","Personnel Expense","Budget","214300.00"
"2025-01-01","BT","Revenue","Revenue","Actual","1242282.00"
"2025-01-01","BT","Revenue","Revenue","Budget","1150656.00"
"2025-01-01","FB","COGS","COGS","Actual","216208.00"
"2025-01-01","FB","COGS","COGS","Budget","209477.00"
"2025-01-01","FB","OpEX","Administrative expense","Actual","7550.00"
"2025-01-01","FB","OpEX","Administrative expense","Budget","7085.00"
"2025-01-01","FB","OpEX","Freight expense","Actual","12240.00"
"2025-01-01","FB","OpEX","Freight expense","Budget","11486.00"
"2025-01-01","FB","OpEX","Marketing expense","Actual","9532.00"
"2025-01-01","FB","OpEX","Marketing expense","Budget","8945.00"
"2025-01-01","FB","OpEX","Personnel Expense","Actual","16719.00"
"2025-01-01","FB","OpEX","Personnel Expense","Budget","15650.00"
"2025-01-01","FB","OpEX","R&D","Actual","1256.00"
"2025-01-01","FB","OpEX","R&D","Budget","1179.00"
"2025-01-01","FB","Revenue","Revenue","Actual","296158.00"
"2025-01-01","FB","Revenue","Revenue","Budget","272085.00"
"2025-01-01","GA","OpEX","Administrative expense","Actual","86537.00"
"2025-01-01","GA","OpEX","Administrative expense","Budget","85875.00"
"2025-01-01","GA","OpEX","Personnel Expense","Actual","142113.00"
"2025-01-01","GA","OpEX","Personnel Expense","Budget","138000.00"
"2025-01-01","HP","COGS","COGS","Actual","352428.00"
"2025-01-01","HP","COGS","COGS","Budget","369519.00"
"2025-01-01","HP","OpEX","Administrative expense","Actual","2612.00"
"2025-01-01","HP","OpEX","Administrative expense","Budget","1782.00"
"2025-01-01","HP","OpEX","Freight expense","Actual","4800.00"
"2025-01-01","HP","OpEX","Freight expense","Budget","3274.00"
"2025-01-01","HP","OpEX","Marketing expense","Actual","6233.00"
"2025-01-01","HP","OpEX","Marketing expense","Budget","4252.00"
"2025-01-01","HP","OpEX","Personnel Expense","Actual","114210.00"
"2025-01-01","HP","OpEX","Personnel Expense","Budget","98200.00"
"2025-01-01","HP","OpEX","R&D","Actual","1485.00"
"2025-01-01","HP","OpEX","R&D","Budget","1013.00"
"2025-01-01","HP","Revenue","Revenue","Actual","503112.00"
"2025-01-01","HP","Revenue","Revenue","Budget","502885.00"
"2025-01-01","HW","COGS","COGS","Actual","431429.00"
"2025-01-01","HW","COGS","COGS","Budget","463332.00"
"2025-01-01","HW","OpEX","Administrative expense","Actual","14582.00"
"2025-01-01","HW","OpEX","Administrative expense","Budget","15637.00"
"2025-01-01","HW","OpEX","Freight expense","Actual","25888.00"
"2025-01-01","HW","OpEX","Freight expense","Budget","27761.00"
"2025-01-01","HW","OpEX","Marketing expense","Actual","34783.00"
"2025-01-01","HW","OpEX","Marketing expense","Budget","37300.00"
"2025-01-01","HW","OpEX","Personnel Expense","Actual","95132.00"
"2025-01-01","HW","OpEX","Personnel Expense","Budget","92500.00"
"2025-01-01","HW","OpEX","R&D","Actual","7932.00"
"2025-01-01","HW","OpEX","R&D","Budget","8506.00"
"2025-01-01","HW","Revenue","Revenue","Actual","695639.00"
"2025-01-01","HW","Revenue","Revenue","Budget","736710.00"
"2025-02-01","BT","COGS","COGS","Actual","766395.00"
"2025-02-01","BT","COGS","COGS","Budget","766402.00"
"2025-02-01","BT","OpEX","Administrative expense","Actual","2632.00"
"2025-02-01","BT","OpEX","Administrative expense","Budget","3008.00"
"2025-02-01","BT","OpEX","Freight expense","Actual","49068.00"
"2025-02-01","BT","OpEX","Freight expense","Budget","56080.00"
"2025-02-01","BT","OpEX","Marketing expense","Actual","57736.00"
"2025-02-01","BT","OpEX","Marketing expense","Budget","65986.00"
"2025-02-01","BT","OpEX","Personnel Expense","Actual","221334.00"
"2025-02-01","BT","OpEX","Personnel Expense","Budget","214300.00"
"2025-02-01","BT","Revenue","Revenue","Actual","1285897.00"
"2025-02-01","BT","Revenue","Revenue","Budget","1267946.00"
"2025-02-01","FB","COGS","COGS","Actual","222781.00"
"2025-02-01","FB","COGS","COGS","Budget","178556.00"
"2025-02-01","FB","OpEX","Administrative expense","Actual","5735.00"
"2025-02-01","FB","OpEX","Administrative expense","Budget","4658.00"
"2025-02-01","FB","OpEX","Freight expense","Actual","10536.00"
"2025-02-01","FB","OpEX","Freight expense","Budget","8557.00"
"2025-02-01","FB","OpEX","Marketing expense","Actual","9413.00"
"2025-02-01","FB","OpEX","Marketing expense","Budget","7645.00"
"2025-02-01","FB","OpEX","Personnel Expense","Actual","16543.00"
"2025-02-01","FB","OpEX","Personnel Expense","Budget","15650.00"
"2025-02-01","FB","OpEX","R&D","Actual","1304.00"
"2025-02-01","FB","OpEX","R&D","Budget","1059.00"
"2025-02-01","FB","Revenue","Revenue","Actual","289341.00"
"2025-02-01","FB","Revenue","Revenue","Budget","225679.00"
"2025-02-01","GA","OpEX","Administrative expense","Actual","86822.00"
"2025-02-01","GA","OpEX","Administrative expense","Budget","85875.00"
"2025-02-01","GA","OpEX","Personnel Expense","Actual","137410.00"
"2025-02-01","GA","OpEX","Personnel Expense","Budget","138000.00"
"2025-02-01","HP","COGS","COGS","Actual","336633.00"
"2025-02-01","HP","COGS","COGS","Budget","354079.00"
"2025-02-01","HP","OpEX","Administrative expense","Actual","2540.00"
"2025-02-01","HP","OpEX","Administrative expense","Budget","1768.00"
"2025-02-01","HP","OpEX","Freight expense","Actual","4655.00"
"2025-02-01","HP","OpEX","Freight expense","Budget","3240.00"
"2025-02-01","HP","OpEX","Marketing expense","Actual","6279.00"
"2025-02-01","HP","OpEX","Marketing expense","Budget","4371.00"
"2025-02-01","HP","OpEX","Personnel Expense","Actual","112690.00"
"2025-02-01","HP","OpEX","Personnel Expense","Budget","98200.00"
"2025-02-01","HP","OpEX","R&D","Actual","1504.00"
"2025-02-01","HP","OpEX","R&D","Budget","1047.00"
"2025-02-01","HP","Revenue","Revenue","Actual","490545.00"
"2025-02-01","HP","Revenue","Revenue","Budget","489413.00"
"2025-02-01","HW","COGS","COGS","Actual","587442.00"
"2025-02-01","HW","COGS","COGS","Budget","476004.00"
"2025-02-01","HW","OpEX","Administrative expense","Actual","14539.00"
"2025-02-01","HW","OpEX","Administrative expense","Budget","13602.00"
"2025-02-01","HW","OpEX","Freight expense","Actual","25996.00"
"2025-02-01","HW","OpEX","Freight expense","Budget","24320.00"
"2025-02-01","HW","OpEX","Marketing expense","Actual","34131.00"
"2025-02-01","HW","OpEX","Marketing expense","Budget","31929.00"
"2025-02-01","HW","OpEX","Personnel Expense","Actual","100084.00"
"2025-02-01","HW","OpEX","Personnel Expense","Budget","92500.00"
"2025-02-01","HW","OpEX","R&D","Actual","8417.00"
"2025-02-01","HW","OpEX","R&D","Budget","7874.00"
"2025-02-01","HW","Revenue","Revenue","Actual","978553.00"
"2025-02-01","HW","Revenue","Revenue","Budget","729777.00"
"2025-03-01","BT","COGS","COGS","Actual","639421.00"
"2025-03-01","BT","COGS","COGS","Budget","712628.00"
"2025-03-01","BT","OpEX","Administrative expense","Actual","3033.00"
"2025-03-01","BT","OpEX","Administrative expense","Budget","2865.00"
"2025-03-01","BT","OpEX","Freight expense","Actual","51963.00"
"2025-03-01","BT","OpEX","Freight expense","Budget","49090.00"
"2025-03-01","BT","OpEX","Marketing expense","Actual","70627.00"
"2025-03-01","BT","OpEX","Marketing expense","Budget","66723.00"
"2025-03-01","BT","OpEX","Personnel Expense","Actual","224013.00"
"2025-03-01","BT","OpEX","Personnel Expense","Budget","214300.00"
"2025-03-01","BT","Revenue","Revenue","Actual","1072135.00"
"2025-03-01","BT","Revenue","Revenue","Budget","1209755.00"
"2025-03-01","FB","COGS","COGS","Actual","219993.00"
"2025-03-01","FB","COGS","COGS","Budget","181318.00"
"2025-03-01","FB","OpEX","Administrative expense","Actual","5877.00"
"2025-03-01","FB","OpEX","Administrative expense","Budget","6215.00"
"2025-03-01","FB","OpEX","Freight expense","Actual","11086.00"
"2025-03-01","FB","OpEX","Freight expense","Budget","11723.00"
"2025-03-01","FB","OpEX","Marketing expense","Actual","10265.00"
"2025-03-01","FB","OpEX","Marketing expense","Budget","10854.00"
"2025-03-01","FB","OpEX","Personnel Expense","Actual","17453.00"
"2025-03-01","FB","OpEX","Personnel Expense","Budget","15650.00"
"2025-03-01","FB","OpEX","R&D","Actual","1334.00"
"2025-03-01","FB","OpEX","R&D","Budget","1411.00"
"2025-03-01","FB","Revenue","Revenue","Actual","297224.00"
"2025-03-01","FB","Revenue","Revenue","Budget","240792.00"
"2025-03-01","GA","OpEX","Administrative expense","Actual","87025.00"
"2025-03-01","GA","OpEX","Administrative expense","Budget","85875.00"
"2025-03-01","GA","OpEX","Personnel Expense","Actual","141389.00"
"2025-03-01","GA","OpEX","Personnel Expense","Budget","138000.00"
"2025-03-01","HP","COGS","COGS","Actual","359826.00"
"2025-03-01","HP","COGS","COGS","Budget","379537.00"
"2025-03-01","HP","OpEX","Administrative expense","Actual","2758.00"
"2025-03-01","HP","OpEX","Administrative expense","Budget","1977.00"
"2025-03-01","HP","OpEX","Freight expense","Actual","5021.00"
"2025-03-01","HP","OpEX","Freight expense","Budget","3599.00"
"2025-03-01","HP","OpEX","Marketing expense","Actual","6821.00"
"2025-03-01","HP","OpEX","Marketing expense","Budget","4890.00"
"2025-03-01","HP","OpEX","Personnel Expense","Actual","118078.00"
"2025-03-01","HP","OpEX","Personnel Expense","Budget","98200.00"
"2025-03-01","HP","OpEX","R&D","Actual","1448.00"
"2025-03-01","HP","OpEX","R&D","Budget","1038.00"
"2025-03-01","HP","Revenue","Revenue","Actual","521925.00"
"2025-03-01","HP","Revenue","Revenue","Budget","525781.00"
"2025-03-01","HW","COGS","COGS","Actual","483520.00"
"2025-03-01","HW","COGS","COGS","Budget","455543.00"
"2025-03-01","HW","OpEX","Administrative expense","Actual","14837.00"
"2025-03-01","HW","OpEX","Administrative expense","Budget","16546.00"
"2025-03-01","HW","OpEX","Freight expense","Actual","26930.00"
"2025-03-01","HW","OpEX","Freight expense","Budget","30032.00"
"2025-03-01","HW","OpEX","Marketing expense","Actual","37668.00"
"2025-03-01","HW","OpEX","Marketing expense","Budget","42007.00"
"2025-03-01","HW","OpEX","Personnel Expense","Actual","98460.00"
"2025-03-01","HW","OpEX","Personnel Expense","Budget","92500.00"
"2025-03-01","HW","OpEX","R&D","Actual","8619.00"
"2025-03-01","HW","OpEX","R&D","Budget","9612.00"
"2025-03-01","HW","Revenue","Revenue","Actual","786521.00"
"2025-03-01","HW","Revenue","Revenue","Budget","750742.00"
"2025-04-01","BT","COGS","COGS","Actual","498093.00"
"2025-04-01","BT","COGS","COGS","Budget","593537.00"
"2025-04-01","BT","OpEX","Administrative expense","Actual","6164.00"
"2025-04-01","BT","OpEX","Administrative expense","Budget","5422.00"
"2025-04-01","BT","OpEX","Freight expense","Actual","49343.00"
"2025-04-01","BT","OpEX","Freight expense","Budget","43407.00"
"2025-04-01","BT","OpEX","Marketing expense","Actual","58837.00"
"2025-04-01","BT","OpEX","Marketing expense","Budget","51759.00"
"2025-04-01","BT","OpEX","Personnel Expense","Actual","221571.00"
"2025-04-01","BT","OpEX","Personnel Expense","Budget","214300.00"
"2025-04-01","BT","Revenue","Revenue","Actual","873082.00"
"2025-04-01","BT","Revenue","Revenue","Budget","987768.00"
"2025-04-01","FB","COGS","COGS","Actual","219568.00"
"2025-04-01","FB","COGS","COGS","Budget","198803.00"
"2025-04-01","FB","OpEX","Administrative expense","Actual","5671.00"
"2025-04-01","FB","OpEX","Administrative expense","Budget","4857.00"
"2025-04-01","FB","OpEX","Freight expense","Actual","10564.00"
"2025-04-01","FB","OpEX","Freight expense","Budget","9048.00"
"2025-04-01","FB","OpEX","Marketing expense","Actual","9914.00"
"2025-04-01","FB","OpEX","Marketing expense","Budget","8491.00"
"2025-04-01","FB","OpEX","Personnel Expense","Actual","17167.00"
"2025-04-01","FB","OpEX","Personnel Expense","Budget","15650.00"
"2025-04-01","FB","OpEX","R&D","Actual","1356.00"
"2025-04-01","FB","OpEX","R&D","Budget","1161.00"
"2025-04-01","FB","Revenue","Revenue","Actual","298796.00"
"2025-04-01","FB","Revenue","Revenue","Budget","247912.00"
"2025-04-01","GA","OpEX","Administrative expense","Actual","94175.00"
"2025-04-01","GA","OpEX","Administrative expense","Budget","88275.00"
"2025-04-01","GA","OpEX","Personnel Expense","Actual","144231.00"
"2025-04-01","GA","OpEX","Personnel Expense","Budget","138000.00"
"2025-04-01","HP","COGS","COGS","Actual","355146.00"
"2025-04-01","HP","COGS","COGS","Budget","349272.00"
"2025-04-01","HP","OpEX","Administrative expense","Actual","2603.00"
"2025-04-01","HP","OpEX","Administrative expense","Budget","1874.00"
"2025-04-01","HP","OpEX","Freight expense","Actual","4648.00"
"2025-04-01","HP","OpEX","Freight expense","Budget","3346.00"
"2025-04-01","HP","OpEX","Marketing expense","Actual","6621.00"
"2025-04-01","HP","OpEX","Marketing expense","Budget","4766.00"
"2025-04-01","HP","OpEX","Personnel Expense","Actual","115638.00"
"2025-04-01","HP","OpEX","Personnel Expense","Budget","98200.00"
"2025-04-01","HP","OpEX","R&D","Actual","1430.00"
"2025-04-01","HP","OpEX","R&D","Budget","1029.00"
"2025-04-01","HP","Revenue","Revenue","Actual","487646.00"
"2025-04-01","HP","Revenue","Revenue","Budget","483981.00"
"2025-04-01","HW","COGS","COGS","Actual","650835.00"
"2025-04-01","HW","COGS","COGS","Budget","465052.00"
"2025-04-01","HW","OpEX","Administrative expense","Actual","13892.00"
"2025-04-01","HW","OpEX","Administrative expense","Budget","12719.00"
"2025-04-01","HW","OpEX","Freight expense","Actual","25676.00"
"2025-04-01","HW","OpEX","Freight expense","Budget","23508.00"
"2025-04-01","HW","OpEX","Marketing expense","Actual","35605.00"
"2025-04-01","HW","OpEX","Marketing expense","Budget","32600.00"
"2025-04-01","HW","OpEX","Personnel Expense","Actual","98342.00"
"2025-04-01","HW","OpEX","Personnel Expense","Budget","92500.00"
"2025-04-01","HW","OpEX","R&D","Actual","10807.00"
"2025-04-01","HW","OpEX","R&D","Budget","9895.00"
"2025-04-01","HW","Revenue","Revenue","Actual","1001141.00"
"2025-04-01","HW","Revenue","Revenue","Budget","736077.00"
"2025-05-01","BT","COGS","COGS","Actual","1358776.00"
"2025-05-01","BT","COGS","COGS","Budget","1206079.00"
"2025-05-01","BT","OpEX","Administrative expense","Actual","8381.00"
"2025-05-01","BT","OpEX","Administrative expense","Budget","12116.00"
"2025-05-01","BT","OpEX","Freight expense","Actual","53636.00"
"2025-05-01","BT","OpEX","Freight expense","Budget","77540.00"
"2025-05-01","BT","OpEX","Marketing expense","Actual","69172.00"
"2025-05-01","BT","OpEX","Marketing expense","Budget","100001.00"
"2025-05-01","BT","OpEX","Personnel Expense","Actual","223360.00"
"2025-05-01","BT","OpEX","Personnel Expense","Budget","214300.00"
"2025-05-01","BT","Revenue","Revenue","Actual","2402362.00"
"2025-05-01","BT","Revenue","Revenue","Budget","1994603.00"
"2025-05-01","FB","COGS","COGS","Actual","288175.00"
"2025-05-01","FB","COGS","COGS","Budget","216513.00"
"2025-05-01","FB","OpEX","Administrative expense","Actual","5653.00"
"2025-05-01","FB","OpEX","Administrative expense","Budget","5292.00"
"2025-05-01","FB","OpEX","Freight expense","Actual","15547.00"
"2025-05-01","FB","OpEX","Freight expense","Budget","14555.00"
"2025-05-01","FB","OpEX","Marketing expense","Actual","21126.00"
"2025-05-01","FB","OpEX","Marketing expense","Budget","19777.00"
"2025-05-01","FB","OpEX","Personnel Expense","Actual","19531.00"
"2025-05-01","FB","OpEX","Personnel Expense","Budget","15650.00"
"2025-05-01","FB","OpEX","R&D","Actual","1292.00"
"2025-05-01","FB","OpEX","R&D","Budget","1210.00"
"2025-05-01","FB","Revenue","Revenue","Actual","387950.00"
"2025-05-01","FB","Revenue","Revenue","Budget","287723.00"
"2025-05-01","GA","OpEX","Administrative expense","Actual","86988.00"
"2025-05-01","GA","OpEX","Administrative expense","Budget","85875.00"
"2025-05-01","GA","OpEX","Personnel Expense","Actual","144098.00"
"2025-05-01","GA","OpEX","Personnel Expense","Budget","138000.00"
"2025-05-01","HP","COGS","COGS","Actual","610463.00"
"2025-05-01","HP","COGS","COGS","Budget","647329.00"
"2025-05-01","HP","OpEX","Administrative expense","Actual","3563.00"
"2025-05-01","HP","OpEX","Administrative expense","Budget","4312.00"
"2025-05-01","HP","OpEX","Freight expense","Actual","6708.00"
"2025-05-01","HP","OpEX","Freight expense","Budget","8118.00"
"2025-05-01","HP","OpEX","Marketing expense","Actual","9394.00"
"2025-05-01","HP","OpEX","Marketing expense","Budget","11369.00"
"2025-05-01","HP","OpEX","Personnel Expense","Actual","115802.00"
"2025-05-01","HP","OpEX","Personnel Expense","Budget","98200.00"
"2025-05-01","HP","OpEX","R&D","Actual","1489.00"
"2025-05-01","HP","OpEX","R&D","Budget","1802.00"
"2025-05-01","HP","Revenue","Revenue","Actual","892050.00"
"2025-05-01","HP","Revenue","Revenue","Budget","893733.00"
"2025-05-01","HW","COGS","COGS","Actual","797357.00"
"2025-05-01","HW","COGS","COGS","Budget","698205.00"
"2025-05-01","HW","OpEX","Administrative expense","Actual","15283.00"
"2025-05-01","HW","OpEX","Administrative expense","Budget","23298.00"
"2025-05-01","HW","OpEX","Freight expense","Actual","27210.00"
"2025-05-01","HW","OpEX","Freight expense","Budget","41480.00"
"2025-05-01","HW","OpEX","Marketing expense","Actual","36387.00"
"2025-05-01","HW","OpEX","Marketing expense","Budget","55469.00"
"2025-05-01","HW","OpEX","Personnel Expense","Actual","98402.00"
"2025-05-01","HW","OpEX","Personnel Expense","Budget","92500.00"
"2025-05-01","HW","OpEX","R&D","Actual","8045.00"
"2025-05-01","HW","OpEX","R&D","Budget","12264.00"
"2025-05-01","HW","Revenue","Revenue","Actual","1285340.00"
"2025-05-01","HW","Revenue","Revenue","Budget","1150550.00"
"2025-06-01","BT","COGS","COGS","Actual","757537.00"
"2025-06-01","BT","COGS","COGS","Budget","741605.00"
"2025-06-01","BT","OpEX","Administrative expense","Actual","6853.00"
"2025-06-01","BT","OpEX","Administrative expense","Budget","5795.00"
"2025-06-01","BT","OpEX","Freight expense","Actual","49655.00"
"2025-06-01","BT","OpEX","Freight expense","Budget","41990.00"
"2025-06-01","BT","OpEX","Marketing expense","Actual","57804.00"
"2025-06-01","BT","OpEX","Marketing expense","Budget","48880.00"
"2025-06-01","BT","OpEX","Personnel Expense","Actual","231376.00"
"2025-06-01","BT","OpEX","Personnel Expense","Budget","214300.00"
"2025-06-01","BT","Revenue","Revenue","Actual","1299824.00"
"2025-06-01","BT","Revenue","Revenue","Budget","1193852.00"
"2025-06-01","FB","COGS","COGS","Actual","226645.00"
"2025-06-01","FB","COGS","COGS","Budget","161831.00"
"2025-06-01","FB","OpEX","Administrative expense","Actual","5844.00"
"2025-06-01","FB","OpEX","Administrative expense","Budget","3920.00"
"2025-06-01","FB","OpEX","Freight expense","Actual","10831.00"
"2025-06-01","FB","OpEX","Freight expense","Budget","7265.00"
"2025-06-01","FB","OpEX","Marketing expense","Actual","9856.00"
"2025-06-01","FB","OpEX","Marketing expense","Budget","6611.00"
"2025-06-01","FB","OpEX","Personnel Expense","Actual","17192.00"
"2025-06-01","FB","OpEX","Personnel Expense","Budget","15650.00"
"2025-06-01","FB","OpEX","R&D","Actual","1312.00"
"2025-06-01","FB","OpEX","R&D","Budget","880.00"
"2025-06-01","FB","Revenue","Revenue","Actual","290979.00"
"2025-06-01","FB","Revenue","Revenue","Budget","201049.00"
"2025-06-01","GA","OpEX","Administrative expense","Actual","94815.00"
"2025-06-01","GA","OpEX","Administrative expense","Budget","85875.00"
"2025-06-01","GA","OpEX","Personnel Expense","Actual","148915.00"
"2025-06-01","GA","OpEX","Personnel Expense","Budget","138000.00"
"2025-06-01","HP","COGS","COGS","Actual","353111.00"
"2025-06-01","HP","COGS","COGS","Budget","340834.00"
"2025-06-01","HP","OpEX","Administrative expense","Actual","2580.00"
"2025-06-01","HP","OpEX","Administrative expense","Budget","1670.00"
"2025-06-01","HP","OpEX","Freight expense","Actual","4858.00"
"2025-06-01","HP","OpEX","Freight expense","Budget","3145.00"
"2025-06-01","HP","OpEX","Marketing expense","Actual","6558.00"
"2025-06-01","HP","OpEX","Marketing expense","Budget","4245.00"
"2025-06-01","HP","OpEX","Personnel Expense","Actual","117266.00"
"2025-06-01","HP","OpEX","Personnel Expense","Budget","98200.00"
"2025-06-01","HP","OpEX","R&D","Actual","1553.00"
"2025-06-01","HP","OpEX","R&D","Budget","1005.00"
"2025-06-01","HP","Revenue","Revenue","Actual","479402.00"
"2025-06-01","HP","Revenue","Revenue","Budget","472924.00"
"2025-06-01","HW","COGS","COGS","Actual","398804.00"
"2025-06-01","HW","COGS","COGS","Budget","422400.00"
"2025-06-01","HW","OpEX","Administrative expense","Actual","14215.00"
"2025-06-01","HW","OpEX","Administrative expense","Budget","10303.00"
"2025-06-01","HW","OpEX","Freight expense","Actual","26844.00"
"2025-06-01","HW","OpEX","Freight expense","Budget","19456.00"
"2025-06-01","HW","OpEX","Marketing expense","Actual","36243.00"
"2025-06-01","HW","OpEX","Marketing expense","Budget","26267.00"
"2025-06-01","HW","OpEX","Personnel Expense","Actual","100871.00"
"2025-06-01","HW","OpEX","Personnel Expense","Budget","92500.00"
"2025-06-01","HW","OpEX","R&D","Actual","8519.00"
"2025-06-01","HW","OpEX","R&D","Budget","6174.00"
"2025-06-01","HW","Revenue","Revenue","Actual","613463.00"
"2025-06-01","HW","Revenue","Revenue","Budget","668529.00"
"2025-07-01","BT","COGS","COGS","Actual","657656.00"
"2025-07-01","BT","COGS","COGS","Budget","855566.00"
"2025-07-01","BT","OpEX","Administrative expense","Actual","2989.00"
"2025-07-01","BT","OpEX","Administrative expense","Budget","3150.00"
"2025-07-01","BT","OpEX","Freight expense","Actual","44127.00"
"2025-07-01","BT","OpEX","Freight expense","Budget","46507.00"
"2025-07-01","BT","OpEX","Marketing expense","Actual","56730.00"
"2025-07-01","BT","OpEX","Marketing expense","Budget","59789.00"
"2025-07-01","BT","OpEX","Personnel Expense","Actual","212017.00"
"2025-07-01","BT","OpEX","Personnel Expense","Budget","264500.00"
"2025-07-01","BT","Revenue","Revenue","Actual","1173968.00"
"2025-07-01","BT","Revenue","Revenue","Budget","1347795.00"
"2025-07-01","FB","COGS","COGS","Actual","208390.00"
"2025-07-01","FB","COGS","COGS","Budget","179864.00"
"2025-07-01","FB","OpEX","Administrative expense","Actual","5298.00"
"2025-07-01","FB","OpEX","Administrative expense","Budget","5572.00"
"2025-07-01","FB","OpEX","Freight expense","Actual","9909.00"
"2025-07-01","FB","OpEX","Freight expense","Budget","10421.00"
"2025-07-01","FB","OpEX","Marketing expense","Actual","9076.00"
"2025-07-01","FB","OpEX","Marketing expense","Budget","9546.00"
"2025-07-01","FB","OpEX","Personnel Expense","Actual","15898.00"
"2025-07-01","FB","OpEX","Personnel Expense","Budget","16550.00"
"2025-07-01","FB","OpEX","R&D","Actual","1209.00"
"2025-07-01","FB","OpEX","R&D","Budget","1272.00"
"2025-07-01","FB","Revenue","Revenue","Actual","272214.00"
"2025-07-01","FB","Revenue","Revenue","Budget","230225.00"
"2025-07-01","GA","OpEX","Administrative expense","Actual","83281.00"
"2025-07-01","GA","OpEX","Administrative expense","Budget","87950.00"
"2025-07-01","GA","OpEX","Personnel Expense","Actual","133820.00"
"2025-07-01","GA","OpEX","Personnel Expense","Budget","138000.00"
"2025-07-01","HP","COGS","COGS","Actual","331146.00"
"2025-07-01","HP","COGS","COGS","Budget","345639.00"
"2025-07-01","HP","OpEX","Administrative expense","Actual","2448.00"
"2025-07-01","HP","OpEX","Administrative expense","Budget","1729.00"
"2025-07-01","HP","OpEX","Freight expense","Actual","4526.00"
"2025-07-01","HP","OpEX","Freight expense","Budget","3196.00"
"2025-07-01","HP","OpEX","Marketing expense","Actual","6142.00"
"2025-07-01","HP","OpEX","Marketing expense","Budget","4337.00"
"2025-07-01","HP","OpEX","Personnel Expense","Actual","106282.00"
"2025-07-01","HP","OpEX","Personnel Expense","Budget","106600.00"
"2025-07-01","HP","OpEX","R&D","Actual","1419.00"
"2025-07-01","HP","OpEX","R&D","Budget","1002.00"
"2025-07-01","HP","Revenue","Revenue","Actual","477290.00"
"2025-07-01","HP","Revenue","Revenue","Budget","474071.00"
"2025-07-01","HW","COGS","COGS","Actual","405712.00"
"2025-07-01","HW","COGS","COGS","Budget","396477.00"
"2025-07-01","HW","OpEX","Administrative expense","Actual","14170.00"
"2025-07-01","HW","OpEX","Administrative expense","Budget","13729.00"
"2025-07-01","HW","OpEX","Freight expense","Actual","25027.00"
"2025-07-01","HW","OpEX","Freight expense","Budget","24248.00"
"2025-07-01","HW","OpEX","Marketing expense","Actual","32780.00"
"2025-07-01","HW","OpEX","Marketing expense","Budget","31760.00"
"2025-07-01","HW","OpEX","Personnel Expense","Actual","92107.00"
"2025-07-01","HW","OpEX","Personnel Expense","Budget","103000.00"
"2025-07-01","HW","OpEX","R&D","Actual","8122.00"
"2025-07-01","HW","OpEX","R&D","Budget","7869.00"
"2025-07-01","HW","Revenue","Revenue","Actual","615004.00"
"2025-07-01","HW","Revenue","Revenue","Budget","634004.00"
"2025-08-01","BT","COGS","COGS","Actual","500202.00"
"2025-08-01","BT","COGS","COGS","Budget","589493.00"
"2025-08-01","BT","OpEX","Administrative expense","Actual","4824.00"
"2025-08-01","BT","OpEX","Administrative expense","Budget","4570.00"
"2025-08-01","BT","OpEX","Freight expense","Actual","46425.00"
"2025-08-01","BT","OpEX","Freight expense","Budget","43977.00"
"2025-08-01","BT","OpEX","Marketing expense","Actual","57163.00"
"2025-08-01","BT","OpEX","Marketing expense","Budget","54150.00"
"2025-08-01","BT","OpEX","Personnel Expense","Actual","212889.00"
"2025-08-01","BT","OpEX","Personnel Expense","Budget","264500.00"
"2025-08-01","BT","Revenue","Revenue","Actual","844365.00"
"2025-08-01","BT","Revenue","Revenue","Budget","964883.00"
"2025-08-01","FB","COGS","COGS","Actual","208682.00"
"2025-08-01","FB","COGS","COGS","Budget","170129.00"
"2025-08-01","FB","OpEX","Administrative expense","Actual","5725.00"
"2025-08-01","FB","OpEX","Administrative expense","Budget","5631.00"
"2025-08-01","FB","OpEX","Freight expense","Actual","10386.00"
"2025-08-01","FB","OpEX","Freight expense","Budget","10216.00"
"2025-08-01","FB","OpEX","Marketing expense","Actual","9336.00"
"2025-08-01","FB","OpEX","Marketing expense","Budget","9184.00"
"2025-08-01","FB","OpEX","Personnel Expense","Actual","16082.00"
"2025-08-01","FB","OpEX","Personnel Expense","Budget","16550.00"
"2025-08-01","FB","OpEX","R&D","Actual","1234.00"
"2025-08-01","FB","OpEX","R&D","Budget","1214.00"
"2025-08-01","FB","Revenue","Revenue","Actual","276249.00"
"2025-08-01","FB","Revenue","Revenue","Budget","218087.00"
"2025-08-01","GA","OpEX","Administrative expense","Actual","85047.00"
"2025-08-01","GA","OpEX","Administrative expense","Budget","87950.00"
"2025-08-01","GA","OpEX","Personnel Expense","Actual","134534.00"
"2025-08-01","GA","OpEX","Personnel Expense","Budget","138000.00"
"2025-08-01","HP","COGS","COGS","Actual","313977.00"
"2025-08-01","HP","COGS","COGS","Budget","333644.00"
"2025-08-01","HP","OpEX","Administrative expense","Actual","2435.00"
"2025-08-01","HP","OpEX","Administrative expense","Budget","1484.00"
"2025-08-01","HP","OpEX","Freight expense","Actual","4535.00"
"2025-08-01","HP","OpEX","Freight expense","Budget","2764.00"
"2025-08-01","HP","OpEX","Marketing expense","Actual","6160.00"
"2025-08-01","HP","OpEX","Marketing expense","Budget","3754.00"
"2025-08-01","HP","OpEX","Personnel Expense","Actual","113298.00"
"2025-08-01","HP","OpEX","Personnel Expense","Budget","106600.00"
"2025-08-01","HP","OpEX","R&D","Actual","1374.00"
"2025-08-01","HP","OpEX","R&D","Budget","838.00"
"2025-08-01","HP","Revenue","Revenue","Actual","454686.00"
"2025-08-01","HP","Revenue","Revenue","Budget","454651.00"
"2025-08-01","HW","COGS","COGS","Actual","547981.00"
"2025-08-01","HW","COGS","COGS","Budget","435352.00"
"2025-08-01","HW","OpEX","Administrative expense","Actual","13747.00"
"2025-08-01","HW","OpEX","Administrative expense","Budget","12420.00"
"2025-08-01","HW","OpEX","Freight expense","Actual","25463.00"
"2025-08-01","HW","OpEX","Freight expense","Budget","23005.00"
"2025-08-01","HW","OpEX","Marketing expense","Actual","32842.00"
"2025-08-01","HW","OpEX","Marketing expense","Budget","29672.00"
"2025-08-01","HW","OpEX","Personnel Expense","Actual","91070.00"
"2025-08-01","HW","OpEX","Personnel Expense","Budget","103000.00"
"2025-08-01","HW","OpEX","R&D","Actual","7882.00"
"2025-08-01","HW","OpEX","R&D","Budget","7121.00"
"2025-08-01","HW","Revenue","Revenue","Actual","851508.00"
"2025-08-01","HW","Revenue","Revenue","Budget","682169.00"
"2025-09-01","BT","COGS","COGS","Actual","979303.00"
"2025-09-01","BT","COGS","COGS","Budget","719997.00"
"2025-09-01","BT","OpEX","Administrative expense","Actual","3288.00"
"2025-09-01","BT","OpEX","Administrative expense","Budget","3298.00"
"2025-09-01","BT","OpEX","Freight expense","Actual","45088.00"
"2025-09-01","BT","OpEX","Freight expense","Budget","45232.00"
"2025-09-01","BT","OpEX","Marketing expense","Actual","55496.00"
"2025-09-01","BT","OpEX","Marketing expense","Budget","55673.00"
"2025-09-01","BT","OpEX","Personnel Expense","Actual","215065.00"
"2025-09-01","BT","OpEX","Personnel Expense","Budget","264500.00"
"2025-09-01","BT","Revenue","Revenue","Actual","1689327.00"
"2025-09-01","BT","Revenue","Revenue","Budget","1173411.00"
"2025-09-01","FB","COGS","COGS","Actual","208882.00"
"2025-09-01","FB","COGS","COGS","Budget","176313.00"
"2025-09-01","FB","OpEX","Administrative expense","Actual","5544.00"
"2025-09-01","FB","OpEX","Administrative expense","Budget","5426.00"
"2025-09-01","FB","OpEX","Freight expense","Actual","10295.00"
"2025-09-01","FB","OpEX","Freight expense","Budget","10076.00"
"2025-09-01","FB","OpEX","Marketing expense","Actual","8975.00"
"2025-09-01","FB","OpEX","Marketing expense","Budget","8783.00"
"2025-09-01","FB","OpEX","Personnel Expense","Actual","15993.00"
"2025-09-01","FB","OpEX","Personnel Expense","Budget","16550.00"
"2025-09-01","FB","OpEX","R&D","Actual","1230.00"
"2025-09-01","FB","OpEX","R&D","Budget","1204.00"
"2025-09-01","FB","Revenue","Revenue","Actual","286328.00"
"2025-09-01","FB","Revenue","Revenue","Budget","224511.00"
"2025-09-01","GA","OpEX","Administrative expense","Actual","86914.00"
"2025-09-01","GA","OpEX","Administrative expense","Budget","87950.00"
"2025-09-01","GA","OpEX","Personnel Expense","Actual","133147.00"
"2025-09-01","GA","OpEX","Personnel Expense","Budget","138000.00"
"2025-09-01","HP","COGS","COGS","Actual","337680.00"
"2025-09-01","HP","COGS","COGS","Budget","356766.00"
"2025-09-01","HP","OpEX","Administrative expense","Actual","2444.00"
"2025-09-01","HP","OpEX","Administrative expense","Budget","1619.00"
"2025-09-01","HP","OpEX","Freight expense","Actual","4387.00"
"2025-09-01","HP","OpEX","Freight expense","Budget","2906.00"
"2025-09-01","HP","OpEX","Marketing expense","Actual","6175.00"
"2025-09-01","HP","OpEX","Marketing expense","Budget","4091.00"
"2025-09-01","HP","OpEX","Personnel Expense","Actual","113464.00"
"2025-09-01","HP","OpEX","Personnel Expense","Budget","106600.00"
"2025-09-01","HP","OpEX","R&D","Actual","1406.00"
"2025-09-01","HP","OpEX","R&D","Budget","931.00"
"2025-09-01","HP","Revenue","Revenue","Actual","487130.00"
"2025-09-01","HP","Revenue","Revenue","Budget","488438.00"
"2025-09-01","HW","COGS","COGS","Actual","568673.00"
"2025-09-01","HW","COGS","COGS","Budget","453686.00"
"2025-09-01","HW","OpEX","Administrative expense","Actual","14091.00"
"2025-09-01","HW","OpEX","Administrative expense","Budget","14040.00"
"2025-09-01","HW","OpEX","Freight expense","Actual","24950.00"
"2025-09-01","HW","OpEX","Freight expense","Budget","24860.00"
"2025-09-01","HW","OpEX","Marketing expense","Actual","34160.00"
"2025-09-01","HW","OpEX","Marketing expense","Budget","34037.00"
"2025-09-01","HW","OpEX","Personnel Expense","Actual","89993.00"
"2025-09-01","HW","OpEX","Personnel Expense","Budget","103000.00"
"2025-09-01","HW","OpEX","R&D","Actual","8218.00"
"2025-09-01","HW","OpEX","R&D","Budget","8188.00"
"2025-09-01","HW","Revenue","Revenue","Actual","923740.00"
"2025-09-01","HW","Revenue","Revenue","Budget","726064.00"
"2025-10-01","BT","COGS","COGS","Actual","663159.00"
"2025-10-01","BT","COGS","COGS","Budget","692264.00"
"2025-10-01","BT","OpEX","Administrative expense","Actual","3525.00"
"2025-10-01","BT","OpEX","Administrative expense","Budget","2982.00"
"2025-10-01","BT","OpEX","Freight expense","Actual","46138.00"
"2025-10-01","BT","OpEX","Freight expense","Budget","39034.00"
"2025-10-01","BT","OpEX","Marketing expense","Actual","57715.00"
"2025-10-01","BT","OpEX","Marketing expense","Budget","48828.00"
"2025-10-01","BT","OpEX","Personnel Expense","Actual","234601.00"
"2025-10-01","BT","OpEX","Personnel Expense","Budget","264500.00"
"2025-10-01","BT","Revenue","Revenue","Actual","1181260.00"
"2025-10-01","BT","Revenue","Revenue","Budget","1116908.00"
"2025-10-01","FB","COGS","COGS","Actual","217878.00"
"2025-10-01","FB","COGS","COGS","Budget","188617.00"
"2025-10-01","FB","OpEX","Administrative expense","Actual","5432.00"
"2025-10-01","FB","OpEX","Administrative expense","Budget","3784.00"
"2025-10-01","FB","OpEX","Freight expense","Actual","9890.00"
"2025-10-01","FB","OpEX","Freight expense","Budget","6890.00"
"2025-10-01","FB","OpEX","Marketing expense","Actual","8862.00"
"2025-10-01","FB","OpEX","Marketing expense","Budget","6173.00"
"2025-10-01","FB","OpEX","Personnel Expense","Actual","16105.00"
"2025-10-01","FB","OpEX","Personnel Expense","Budget","16550.00"
"2025-10-01","FB","OpEX","R&D","Actual","1315.00"
"2025-10-01","FB","OpEX","R&D","Budget","916.00"
"2025-10-01","FB","Revenue","Revenue","Actual","283132.00"
"2025-10-01","FB","Revenue","Revenue","Budget","232864.00"
"2025-10-01","GA","OpEX","Administrative expense","Actual","84294.00"
"2025-10-01","GA","OpEX","Administrative expense","Budget","87950.00"
"2025-10-01","GA","OpEX","Personnel Expense","Actual","139637.00"
"2025-10-01","GA","OpEX","Personnel Expense","Budget","138000.00"
"2025-10-01","HP","COGS","COGS","Actual","386996.00"
"2025-10-01","HP","COGS","COGS","Budget","419463.00"
"2025-10-01","HP","OpEX","Administrative expense","Actual","2573.00"
"2025-10-01","HP","OpEX","Administrative expense","Budget","2043.00"
"2025-10-01","HP","OpEX","Freight expense","Actual","4533.00"
"2025-10-01","HP","OpEX","Freight expense","Budget","3600.00"
"2025-10-01","HP","OpEX","Marketing expense","Actual","6187.00"
"2025-10-01","HP","OpEX","Marketing expense","Budget","4913.00"
"2025-10-01","HP","OpEX","Personnel Expense","Actual","114526.00"
"2025-10-01","HP","OpEX","Personnel Expense","Budget","106600.00"
"2025-10-01","HP","OpEX","R&D","Actual","1385.00"
"2025-10-01","HP","OpEX","R&D","Budget","1100.00"
"2025-10-01","HP","Revenue","Revenue","Actual","560717.00"
"2025-10-01","HP","Revenue","Revenue","Budget","571388.00"
"2025-10-01","HW","COGS","COGS","Actual","446675.00"
"2025-10-01","HW","COGS","COGS","Budget","439602.00"
"2025-10-01","HW","OpEX","Administrative expense","Actual","13271.00"
"2025-10-01","HW","OpEX","Administrative expense","Budget","11173.00"
"2025-10-01","HW","OpEX","Freight expense","Actual","24645.00"
"2025-10-01","HW","OpEX","Freight expense","Budget","20749.00"
"2025-10-01","HW","OpEX","Marketing expense","Actual","34663.00"
"2025-10-01","HW","OpEX","Marketing expense","Budget","29182.00"
"2025-10-01","HW","OpEX","Personnel Expense","Actual","98195.00"
"2025-10-01","HW","OpEX","Personnel Expense","Budget","103000.00"
"2025-10-01","HW","OpEX","R&D","Actual","7840.00"
"2025-10-01","HW","OpEX","R&D","Budget","6600.00"
"2025-10-01","HW","Revenue","Revenue","Actual","705902.00"
"2025-10-01","HW","Revenue","Revenue","Budget","698203.00"
"2025-11-01","BT","COGS","COGS","Actual","1464043.00"
"2025-11-01","BT","COGS","COGS","Budget","1375259.00"
"2025-11-01","BT","OpEX","Administrative expense","Actual","6940.00"
"2025-11-01","BT","OpEX","Administrative expense","Budget","13822.00"
"2025-11-01","BT","OpEX","Freight expense","Actual","52583.00"
"2025-11-01","BT","OpEX","Freight expense","Budget","104726.00"
"2025-11-01","BT","OpEX","Marketing expense","Actual","64444.00"
"2025-11-01","BT","OpEX","Marketing expense","Budget","128349.00"
"2025-11-01","BT","OpEX","Personnel Expense","Actual","212618.00"
"2025-11-01","BT","OpEX","Personnel Expense","Budget","264500.00"
"2025-11-01","BT","Revenue","Revenue","Actual","2566245.00"
"2025-11-01","BT","Revenue","Revenue","Budget","2395242.00"
"2025-11-01","FB","COGS","COGS","Actual","289309.00"
"2025-11-01","FB","COGS","COGS","Budget","244378.00"
"2025-11-01","FB","OpEX","Administrative expense","Actual","8947.00"
"2025-11-01","FB","OpEX","Administrative expense","Budget","5864.00"
"2025-11-01","FB","OpEX","Freight expense","Actual","16318.00"
"2025-11-01","FB","OpEX","Freight expense","Budget","10695.00"
"2025-11-01","FB","OpEX","Marketing expense","Actual","20088.00"
"2025-11-01","FB","OpEX","Marketing expense","Budget","13166.00"
"2025-11-01","FB","OpEX","Personnel Expense","Actual","16518.00"
"2025-11-01","FB","OpEX","Personnel Expense","Budget","16550.00"
"2025-11-01","FB","OpEX","R&D","Actual","1294.00"
"2025-11-01","FB","OpEX","R&D","Budget","848.00"
"2025-11-01","FB","Revenue","Revenue","Actual","390903.00"
"2025-11-01","FB","Revenue","Revenue","Budget","303568.00"
"2025-11-01","GA","OpEX","Administrative expense","Actual","87239.00"
"2025-11-01","GA","OpEX","Administrative expense","Budget","87950.00"
"2025-11-01","GA","OpEX","Personnel Expense","Actual","143761.00"
"2025-11-01","GA","OpEX","Personnel Expense","Budget","138000.00"
"2025-11-01","HP","COGS","COGS","Actual","577788.00"
"2025-11-01","HP","COGS","COGS","Budget","633050.00"
"2025-11-01","HP","OpEX","Administrative expense","Actual","3919.00"
"2025-11-01","HP","OpEX","Administrative expense","Budget","4493.00"
"2025-11-01","HP","OpEX","Freight expense","Actual","7837.00"
"2025-11-01","HP","OpEX","Freight expense","Budget","8985.00"
"2025-11-01","HP","OpEX","Marketing expense","Actual","9136.00"
"2025-11-01","HP","OpEX","Marketing expense","Budget","10475.00"
"2025-11-01","HP","OpEX","Personnel Expense","Actual","115610.00"
"2025-11-01","HP","OpEX","Personnel Expense","Budget","106600.00"
"2025-11-01","HP","OpEX","R&D","Actual","1405.00"
"2025-11-01","HP","OpEX","R&D","Budget","1611.00"
"2025-11-01","HP","Revenue","Revenue","Actual","869451.00"
"2025-11-01","HP","Revenue","Revenue","Budget","870906.00"
"2025-11-01","HW","COGS","COGS","Actual","884339.00"
"2025-11-01","HW","COGS","COGS","Budget","722106.00"
"2025-11-01","HW","OpEX","Administrative expense","Actual","15764.00"
"2025-11-01","HW","OpEX","Administrative expense","Budget","19966.00"
"2025-11-01","HW","OpEX","Freight expense","Actual","28532.00"
"2025-11-01","HW","OpEX","Freight expense","Budget","36138.00"
"2025-11-01","HW","OpEX","Marketing expense","Actual","38454.00"
"2025-11-01","HW","OpEX","Marketing expense","Budget","48705.00"
"2025-11-01","HW","OpEX","Personnel Expense","Actual","93822.00"
"2025-11-01","HW","OpEX","Personnel Expense","Budget","103000.00"
"2025-11-01","HW","OpEX","R&D","Actual","8296.00"
"2025-11-01","HW","OpEX","R&D","Budget","10507.00"
"2025-11-01","HW","Revenue","Revenue","Actual","1408151.00"
"2025-11-01","HW","Revenue","Revenue","Budget","1145221.00"
"2025-12-01","BT","COGS","COGS","Actual","1429249.00"
"2025-12-01","BT","COGS","COGS","Budget","1153321.00"
"2025-12-01","BT","OpEX","Administrative expense","Actual","6241.00"
"2025-12-01","BT","OpEX","Administrative expense","Budget","10294.00"
"2025-12-01","BT","OpEX","Freight expense","Actual","51750.00"
"2025-12-01","BT","OpEX","Freight expense","Budget","85357.00"
"2025-12-01","BT","OpEX","Marketing expense","Actual","64626.00"
"2025-12-01","BT","OpEX","Marketing expense","Budget","106595.00"
"2025-12-01","BT","OpEX","Personnel Expense","Actual","233843.00"
"2025-12-01","BT","OpEX","Personnel Expense","Budget","264500.00"
"2025-12-01","BT","Revenue","Revenue","Actual","2485219.00"
"2025-12-01","BT","Revenue","Revenue","Budget","1958466.00"
"2025-12-01","FB","COGS","COGS","Actual","292514.00"
"2025-12-01","FB","COGS","COGS","Budget","224177.00"
"2025-12-01","FB","OpEX","Administrative expense","Actual","9053.00"
"2025-12-01","FB","OpEX","Administrative expense","Budget","7510.00"
"2025-12-01","FB","OpEX","Freight expense","Actual","16485.00"
"2025-12-01","FB","OpEX","Freight expense","Budget","13675.00"
"2025-12-01","FB","OpEX","Marketing expense","Actual","20240.00"
"2025-12-01","FB","OpEX","Marketing expense","Budget","16789.00"
"2025-12-01","FB","OpEX","Personnel Expense","Actual","16279.00"
"2025-12-01","FB","OpEX","Personnel Expense","Budget","16550.00"
"2025-12-01","FB","OpEX","R&D","Actual","1241.00"
"2025-12-01","FB","OpEX","R&D","Budget","1029.00"
"2025-12-01","FB","Revenue","Revenue","Actual","400194.00"
"2025-12-01","FB","Revenue","Revenue","Budget","290108.00"
"2025-12-01","GA","OpEX","Administrative expense","Actual","82966.00"
"2025-12-01","GA","OpEX","Administrative expense","Budget","87950.00"
"2025-12-01","GA","OpEX","Personnel Expense","Actual","138801.00"
"2025-12-01","GA","OpEX","Personnel Expense","Budget","138000.00"
"2025-12-01","HP","COGS","COGS","Actual","593592.00"
"2025-12-01","HP","COGS","COGS","Budget","610038.00"
"2025-12-01","HP","OpEX","Administrative expense","Actual","3741.00"
"2025-12-01","HP","OpEX","Administrative expense","Budget","4174.00"
"2025-12-01","HP","OpEX","Freight expense","Actual","7087.00"
"2025-12-01","HP","OpEX","Freight expense","Budget","7907.00"
"2025-12-01","HP","OpEX","Marketing expense","Actual","9057.00"
"2025-12-01","HP","OpEX","Marketing expense","Budget","10105.00"
"2025-12-01","HP","OpEX","Personnel Expense","Actual","114074.00"
"2025-12-01","HP","OpEX","Personnel Expense","Budget","106600.00"
"2025-12-01","HP","OpEX","R&D","Actual","1423.00"
"2025-12-01","HP","OpEX","R&D","Budget","1588.00"
"2025-12-01","HP","Revenue","Revenue","Actual","850292.00"
"2025-12-01","HP","Revenue","Revenue","Budget","836193.00"
"2025-12-01","HW","COGS","COGS","Actual","839872.00"
"2025-12-01","HW","COGS","COGS","Budget","742228.00"
"2025-12-01","HW","OpEX","Administrative expense","Actual","15449.00"
"2025-12-01","HW","OpEX","Administrative expense","Budget","19628.00"
"2025-12-01","HW","OpEX","Freight expense","Actual","28613.00"
"2025-12-01","HW","OpEX","Freight expense","Budget","36353.00"
"2025-12-01","HW","OpEX","Marketing expense","Actual","37475.00"
"2025-12-01","HW","OpEX","Marketing expense","Budget","47613.00"
"2025-12-01","HW","OpEX","Personnel Expense","Actual","94146.00"
"2025-12-01","HW","OpEX","Personnel Expense","Budget","103000.00"
"2025-12-01","HW","OpEX","R&D","Actual","8024.00"
"2025-12-01","HW","OpEX","R&D","Budget","10195.00"
"2025-12-01","HW","Revenue","Revenue","Actual","1333646.00"
"2025-12-01","HW","Revenue","Revenue","Budget","1169227.00"
